id,title,type,description,listed_in,source_category,source_raw_id,text
movie_233f379a4e617700f11e2cdb216d23e7,Dick Johnson Is Dead,Movie,"As her father nears the end of his life, filmmaker Kirsten Johnson stages his death in inventive and comical ways to help them both face the inevitable.",Documentaries,netflix,s1,"Title: Dick Johnson Is Dead (Movie)
Description: As her father nears the end of his life, filmmaker Kirsten Johnson stages his death in inventive and comical ways to help them both face the inevitable.
Categories: Documentaries"
movie_bbb13c6e4dfd1ba9a90f3e3f0a151b27,My Little Pony: A New Generation,Movie,"Equestria's divided. But a bright-eyed hero believes Earth Ponies, Pegasi and Unicorns should be pals — and, hoof to heart, she’s determined to prove it.",Children & Family Movies,netflix,s7,"Title: My Little Pony: A New Generation (Movie)
Description: Equestria's divided. But a bright-eyed hero believes Earth Ponies, Pegasi and Unicorns should be pals — and, hoof to heart, she’s determined to prove it.
Categories: Children & Family Movies"
movie_8ec81d93e8a35b05f46fe06dde0ba5a9,Sankofa,Movie,"On a photo shoot in Ghana, an American model slips back in time, becomes enslaved on a plantation and bears witness to the agony of her ancestral past.","Dramas, Independent Movies, International Movies",netflix,s8,"Title: Sankofa (Movie)
Description: On a photo shoot in Ghana, an American model slips back in time, becomes enslaved on a plantation and bears witness to the agony of her ancestral past.
Categories: Dramas, Independent Movies, International Movies"
movie_862dac6740fc9df343f99bb89e6c01e5,The Starling,Movie,A woman adjusting to life after a loss contends with a feisty bird that's taken over her garden — and a husband who's struggling to find a way forward.,"Comedies, Dramas",netflix,s10,"Title: The Starling (Movie)
Description: A woman adjusting to life after a loss contends with a feisty bird that's taken over her garden — and a husband who's struggling to find a way forward.
Categories: Comedies, Dramas"
movie_a8772bf792d321d54ad0e8cfee32a2b9,Je Suis Karl,Movie,"After most of her family is murdered in a terrorist bombing, a young woman is unknowingly lured into joining the very group that killed them.","Dramas, International Movies",netflix,s13,"Title: Je Suis Karl (Movie)
Description: After most of her family is murdered in a terrorist bombing, a young woman is unknowingly lured into joining the very group that killed them.
Categories: Dramas, International Movies"
movie_52f003f225d0700f0c61be0e1f2b85a2,Confessions of an Invisible Girl,Movie,"When the clever but socially-awkward Tetê joins a new school, she'll do anything to fit in. But the queen bee among her classmates has other ideas.","Children & Family Movies, Comedies",netflix,s14,"Title: Confessions of an Invisible Girl (Movie)
Description: When the clever but socially-awkward Tetê joins a new school, she'll do anything to fit in. But the queen bee among her classmates has other ideas.
Categories: Children & Family Movies, Comedies"
movie_7ef4824879b9aa1e4ce5458ac48b0a87,Europe's Most Dangerous Man: Otto Skorzeny in Spain,Movie,"Declassified documents reveal the post-WWII life of Otto Skorzeny, a close Hitler ally who escaped to Spain and became an adviser to world presidents.","Documentaries, International Movies",netflix,s17,"Title: Europe's Most Dangerous Man: Otto Skorzeny in Spain (Movie)
Description: Declassified documents reveal the post-WWII life of Otto Skorzeny, a close Hitler ally who escaped to Spain and became an adviser to world presidents.
Categories: Documentaries, International Movies"
movie_429ab8df60c27b2aecf7d1ab7c73d80c,Intrusion,Movie,"After a deadly home invasion at a couple’s new dream house, the traumatized wife searches for answers — and learns the real danger is just beginning.",Thrillers,netflix,s19,"Title: Intrusion (Movie)
Description: After a deadly home invasion at a couple’s new dream house, the traumatized wife searches for answers — and learns the real danger is just beginning.
Categories: Thrillers"
movie_8eb2b9a2bdb9f55e632f5b9fd66adb44,Avvai Shanmughi,Movie,"Newly divorced and denied visitation rights with his daughter, a doting father disguises himself as a gray-haired nanny in order to spend time with her.","Comedies, International Movies",netflix,s23,"Title: Avvai Shanmughi (Movie)
Description: Newly divorced and denied visitation rights with his daughter, a doting father disguises himself as a gray-haired nanny in order to spend time with her.
Categories: Comedies, International Movies"
movie_d02534715506ec95d8af8157f65270ac,Go! Go! Cory Carson: Chrissy Takes the Wheel,Movie,"From arcade games to sled days and hiccup cures, Cory Carson’s curious little sister Chrissy speeds off on her own for fun and adventure all over town!",Children & Family Movies,netflix,s24,"Title: Go! Go! Cory Carson: Chrissy Takes the Wheel (Movie)
Description: From arcade games to sled days and hiccup cures, Cory Carson’s curious little sister Chrissy speeds off on her own for fun and adventure all over town!
Categories: Children & Family Movies"
movie_a543fe1ce3205334fc56203f57be6a19,Jeans,Movie,"When the father of the man she loves insists that his twin sons marry twin sisters, a woman creates an alter ego that might be a bit too convincing.","Comedies, International Movies, Romantic Movies",netflix,s25,"Title: Jeans (Movie)
Description: When the father of the man she loves insists that his twin sons marry twin sisters, a woman creates an alter ego that might be a bit too convincing.
Categories: Comedies, International Movies, Romantic Movies"
movie_0d4588ef2d61b0af7101b9e5b16ffe88,Minsara Kanavu,Movie,A tangled love triangle ensues when a man falls for a woman studying to become a nun — and she falls for the friend he enlists to help him pursue her.,"Comedies, International Movies, Music & Musicals",netflix,s27,"Title: Minsara Kanavu (Movie)
Description: A tangled love triangle ensues when a man falls for a woman studying to become a nun — and she falls for the friend he enlists to help him pursue her.
Categories: Comedies, International Movies, Music & Musicals"
movie_9b3f06b8a87284fba1425076d2cb5ba3,Grown Ups,Movie,"Mourning the loss of their beloved junior high basketball coach, five middle-aged pals reunite at a lake house and rediscover the joys of being a kid.",Comedies,netflix,s28,"Title: Grown Ups (Movie)
Description: Mourning the loss of their beloved junior high basketball coach, five middle-aged pals reunite at a lake house and rediscover the joys of being a kid.
Categories: Comedies"
movie_5c13c9dd003df885ef2d083f8a3e67a1,Dark Skies,Movie,"A family’s idyllic suburban life shatters when an alien force invades their home, and as they struggle to convince others of the deadly threat.","Horror Movies, Sci-Fi & Fantasy",netflix,s29,"Title: Dark Skies (Movie)
Description: A family’s idyllic suburban life shatters when an alien force invades their home, and as they struggle to convince others of the deadly threat.
Categories: Horror Movies, Sci-Fi & Fantasy"
movie_1f2733413ed6327d9352a86c9b70ca08,Paranoia,Movie,"Blackmailed by his company's CEO, a low-level employee finds himself forced to spy on the boss's rival and former mentor.",Thrillers,netflix,s30,"Title: Paranoia (Movie)
Description: Blackmailed by his company's CEO, a low-level employee finds himself forced to spy on the boss's rival and former mentor.
Categories: Thrillers"
movie_a80b165e8e0267b4b424ebefffb6a347,Ankahi Kahaniya,Movie,"As big city life buzzes around them, lonely souls discover surprising sources of connection and companionship in three tales of love, loss and longing.","Dramas, Independent Movies, International Movies",netflix,s31,"Title: Ankahi Kahaniya (Movie)
Description: As big city life buzzes around them, lonely souls discover surprising sources of connection and companionship in three tales of love, loss and longing.
Categories: Dramas, Independent Movies, International Movies"
movie_de60fdc7e190bcb7069cea56b83d9668,The Father Who Moves Mountains,Movie,"When his son goes missing during a snowy hike in the mountains, a retired intelligence officer will stop at nothing — and risk everything — to find him.","Dramas, International Movies, Thrillers",netflix,s36,"Title: The Father Who Moves Mountains (Movie)
Description: When his son goes missing during a snowy hike in the mountains, a retired intelligence officer will stop at nothing — and risk everything — to find him.
Categories: Dramas, International Movies, Thrillers"
movie_c930926a620c8e326781fd778ecc60e4,The Stronghold,Movie,"Tired of the small-time grind, three Marseille cops get a chance to bust a major drug network. But lines blur when a key informant makes a big ask.","Action & Adventure, Dramas, International Movies",netflix,s37,"Title: The Stronghold (Movie)
Description: Tired of the small-time grind, three Marseille cops get a chance to bust a major drug network. But lines blur when a key informant makes a big ask.
Categories: Action & Adventure, Dramas, International Movies"
movie_44c8c11a683888c57afd01b745ce294b,Birth of the Dragon,Movie,"A young Bruce Lee angers kung fu traditionalists by teaching outsiders, leading to a showdown with a Shaolin master in this film based on real events.","Action & Adventure, Dramas",netflix,s39,"Title: Birth of the Dragon (Movie)
Description: A young Bruce Lee angers kung fu traditionalists by teaching outsiders, leading to a showdown with a Shaolin master in this film based on real events.
Categories: Action & Adventure, Dramas"
movie_a2798ddf69e021f034da1b305ab3e4f0,Jaws,Movie,"When an insatiable great white shark terrorizes Amity Island, a police chief, an oceanographer and a grizzled shark hunter seek to destroy the beast.","Action & Adventure, Classic Movies, Dramas",netflix,s42,"Title: Jaws (Movie)
Description: When an insatiable great white shark terrorizes Amity Island, a police chief, an oceanographer and a grizzled shark hunter seek to destroy the beast.
Categories: Action & Adventure, Classic Movies, Dramas"
movie_2145d2357c1105430c241f8f58ecf7d9,Jaws 2,Movie,"Four years after the last deadly shark attacks, police chief Martin Brody fights to protect Amity Island from another killer great white.","Dramas, Horror Movies, Thrillers",netflix,s43,"Title: Jaws 2 (Movie)
Description: Four years after the last deadly shark attacks, police chief Martin Brody fights to protect Amity Island from another killer great white.
Categories: Dramas, Horror Movies, Thrillers"
movie_2b614c5552d805e5bb9858176d7a82f5,Jaws 3,Movie,"After the staff of a marine theme park try to capture a young great white shark, they discover its mother has invaded the enclosure and is out for blood.","Action & Adventure, Horror Movies, Thrillers",netflix,s44,"Title: Jaws 3 (Movie)
Description: After the staff of a marine theme park try to capture a young great white shark, they discover its mother has invaded the enclosure and is out for blood.
Categories: Action & Adventure, Horror Movies, Thrillers"
movie_16561e8237fe6aa392490da57c1e038a,Jaws: The Revenge,Movie,"After another deadly shark attack, Ellen Brody has had enough of Amity Island and moves to the Caribbean – but a great white shark follows her there.","Action & Adventure, Horror Movies, Thrillers",netflix,s45,"Title: Jaws: The Revenge (Movie)
Description: After another deadly shark attack, Ellen Brody has had enough of Amity Island and moves to the Caribbean – but a great white shark follows her there.
Categories: Action & Adventure, Horror Movies, Thrillers"
movie_7cd742db70b00c3f5211cc374cdda0c3,My Heroes Were Cowboys,Movie,"Robin Wiltshire's painful childhood was rescued by Westerns. Now he lives on the frontier of his dreams, training the horses he loves for the big screen.",Documentaries,netflix,s46,"Title: My Heroes Were Cowboys (Movie)
Description: Robin Wiltshire's painful childhood was rescued by Westerns. Now he lives on the frontier of his dreams, training the horses he loves for the big screen.
Categories: Documentaries"
movie_ba9e2973a2315657fad142fcc0e93276,Safe House,Movie,Young CIA operative Matt Weston must get a dangerous criminal out of an agency safe house that's come under attack and get him to a securer location.,Action & Adventure,netflix,s47,"Title: Safe House (Movie)
Description: Young CIA operative Matt Weston must get a dangerous criminal out of an agency safe house that's come under attack and get him to a securer location.
Categories: Action & Adventure"
movie_33035e3a2d82686378cfa43e4d98bccf,Training Day,Movie,A rookie cop with one day to prove himself to a veteran LAPD narcotics officer receives a crash course in his mentor's questionable brand of justice.,"Dramas, Thrillers",netflix,s49,"Title: Training Day (Movie)
Description: A rookie cop with one day to prove himself to a veteran LAPD narcotics officer receives a crash course in his mentor's questionable brand of justice.
Categories: Dramas, Thrillers"
movie_8ae83a44e0628d2f14a72371dec31b70,InuYasha the Movie 2: The Castle Beyond the Looking Glass,Movie,"With their biggest foe seemingly defeated, InuYasha and his friends return to everyday life. But the peace is soon shattered by an emerging new enemy.","Action & Adventure, Anime Features, International Movies",netflix,s52,"Title: InuYasha the Movie 2: The Castle Beyond the Looking Glass (Movie)
Description: With their biggest foe seemingly defeated, InuYasha and his friends return to everyday life. But the peace is soon shattered by an emerging new enemy.
Categories: Action & Adventure, Anime Features, International Movies"
movie_dc109cb69a90617de0081f7a5a67c01f,InuYasha the Movie 3: Swords of an Honorable Ruler,Movie,The Great Dog Demon beaqueathed one of the Three Swords of the Fang to each of his two sons. Now the evil power of the third sword has been awakened.,"Action & Adventure, Anime Features, International Movies",netflix,s53,"Title: InuYasha the Movie 3: Swords of an Honorable Ruler (Movie)
Description: The Great Dog Demon beaqueathed one of the Three Swords of the Fang to each of his two sons. Now the evil power of the third sword has been awakened.
Categories: Action & Adventure, Anime Features, International Movies"
movie_eca7d90944d89ad1076bf3dd4b538b85,InuYasha the Movie 4: Fire on the Mystic Island,Movie,"Ai, a young half-demon who has escaped from Horai Island to try to help her people, returns with potential saviors InuYasha, Sesshomaru and Kikyo.","Action & Adventure, Anime Features, International Movies",netflix,s54,"Title: InuYasha the Movie 4: Fire on the Mystic Island (Movie)
Description: Ai, a young half-demon who has escaped from Horai Island to try to help her people, returns with potential saviors InuYasha, Sesshomaru and Kikyo.
Categories: Action & Adventure, Anime Features, International Movies"
movie_4b9a3d70894f129601a435c1820f8814,InuYasha the Movie: Affections Touching Across Time,Movie,"A powerful demon has been sealed away for 200 years. But when the demon's son is awakened, the fate of the world is in jeopardy.","Action & Adventure, Anime Features, International Movies",netflix,s55,"Title: InuYasha the Movie: Affections Touching Across Time (Movie)
Description: A powerful demon has been sealed away for 200 years. But when the demon's son is awakened, the fate of the world is in jeopardy.
Categories: Action & Adventure, Anime Features, International Movies"
movie_4f0e36a208e185d678e848620b449434,Naruto Shippuden the Movie: Blood Prison,Movie,"Mistakenly accused of an attack on the Fourth Raikage, ninja Naruto is imprisoned in the impenetrable Hozuki Castle and his powers are sealed.","Action & Adventure, Anime Features, International Movies",netflix,s57,"Title: Naruto Shippuden the Movie: Blood Prison (Movie)
Description: Mistakenly accused of an attack on the Fourth Raikage, ninja Naruto is imprisoned in the impenetrable Hozuki Castle and his powers are sealed.
Categories: Action & Adventure, Anime Features, International Movies"
movie_8ecc321e0dda8c48b105cc92b5797e0e,Naruto Shippûden the Movie: Bonds,Movie,"When strange ninjas ambush the village of Konohagakure, it's up to adolescent ninja Naruto and his long-missing pal, Sasuke, to save the planet.","Action & Adventure, Anime Features, International Movies",netflix,s58,"Title: Naruto Shippûden the Movie: Bonds (Movie)
Description: When strange ninjas ambush the village of Konohagakure, it's up to adolescent ninja Naruto and his long-missing pal, Sasuke, to save the planet.
Categories: Action & Adventure, Anime Features, International Movies"
movie_bf2b7c82fff3ce8df8147f12d930a17b,Naruto Shippûden the Movie: The Will of Fire,Movie,"When four out of five ninja villages are destroyed, the leader of the one spared tries to find the true culprit and protect his land.","Action & Adventure, Anime Features, International Movies",netflix,s59,"Title: Naruto Shippûden the Movie: The Will of Fire (Movie)
Description: When four out of five ninja villages are destroyed, the leader of the one spared tries to find the true culprit and protect his land.
Categories: Action & Adventure, Anime Features, International Movies"
movie_b24f83b672074df4715e713fad909a55,Naruto Shippuden: The Movie,Movie,"The adventures of adolescent ninja Naruto Uzumaki continue as he's tasked with protecting a priestess from a demon – but to do so, he must die.","Action & Adventure, Anime Features, International Movies",netflix,s60,"Title: Naruto Shippuden: The Movie (Movie)
Description: The adventures of adolescent ninja Naruto Uzumaki continue as he's tasked with protecting a priestess from a demon – but to do so, he must die.
Categories: Action & Adventure, Anime Features, International Movies"
movie_cb3d65c192b8d05d1a9b844909930262,Naruto Shippuden: The Movie: The Lost Tower,Movie,"When Naruto is sent to recover a missing nin, the rogue manages to send him 20 years into the past, where he unites with his father to battle evil.","Action & Adventure, Anime Features, International Movies",netflix,s61,"Title: Naruto Shippuden: The Movie: The Lost Tower (Movie)
Description: When Naruto is sent to recover a missing nin, the rogue manages to send him 20 years into the past, where he unites with his father to battle evil.
Categories: Action & Adventure, Anime Features, International Movies"
movie_1c55aedef8104c6f0ecbf2bd4d931c6d,Naruto the Movie 2: Legend of the Stone of Gelel,Movie,"While on a mission to return a missing pet, Naruto and two fellow ninjas are ambushed by brutal knights led by the enigmatic Temujin.","Action & Adventure, Anime Features, International Movies",netflix,s62,"Title: Naruto the Movie 2: Legend of the Stone of Gelel (Movie)
Description: While on a mission to return a missing pet, Naruto and two fellow ninjas are ambushed by brutal knights led by the enigmatic Temujin.
Categories: Action & Adventure, Anime Features, International Movies"
movie_569e66625be9ead1200221edccaefec1,Naruto the Movie 3: Guardians of the Crescent Moon Kingdom,Movie,"Exuberant ninja Naruto teams up with his pals Sakura and Kakashi to escort Prince Michiru and his son, Hikaru, to the Crescent Moon kingdom.","Action & Adventure, Anime Features, International Movies",netflix,s63,"Title: Naruto the Movie 3: Guardians of the Crescent Moon Kingdom (Movie)
Description: Exuberant ninja Naruto teams up with his pals Sakura and Kakashi to escort Prince Michiru and his son, Hikaru, to the Crescent Moon kingdom.
Categories: Action & Adventure, Anime Features, International Movies"
movie_b9c8dbf77ec21b2794b4618a0a532dfd,Naruto the Movie: Ninja Clash in the Land of Snow,Movie,"Naruto, Sasuke and Sakura learn they'll be protecting an actress from being hurt while making her next film, but it turns out she's a princess.","Action & Adventure, Anime Features, International Movies",netflix,s64,"Title: Naruto the Movie: Ninja Clash in the Land of Snow (Movie)
Description: Naruto, Sasuke and Sakura learn they'll be protecting an actress from being hurt while making her next film, but it turns out she's a princess.
Categories: Action & Adventure, Anime Features, International Movies"
movie_aa03f7db87e42aa3914152c6dedd13c0,Nightbooks,Movie,Scary story fan Alex must tell a spine-tingling tale every night — or stay trapped with his new friend in a wicked witch's magical apartment forever.,Children & Family Movies,netflix,s65,"Title: Nightbooks (Movie)
Description: Scary story fan Alex must tell a spine-tingling tale every night — or stay trapped with his new friend in a wicked witch's magical apartment forever.
Categories: Children & Family Movies"
movie_bb71581bc69c0b63fd85eb6e0a8c5e0c,Schumacher,Movie,"Through exclusive interviews and archival footage, this documentary traces an intimate portrait of seven-time Formula 1 champion Michael Schumacher.","Documentaries, International Movies, Sports Movies",netflix,s69,"Title: Schumacher (Movie)
Description: Through exclusive interviews and archival footage, this documentary traces an intimate portrait of seven-time Formula 1 champion Michael Schumacher.
Categories: Documentaries, International Movies, Sports Movies"
movie_5e133ab3d810e23358531b73f7259cf2,A StoryBots Space Adventure,Movie,Join the StoryBots and the space travelers of the historic Inspiration4 mission as they search for answers to kids' questions about space.,Children & Family Movies,netflix,s72,"Title: A StoryBots Space Adventure (Movie)
Description: Join the StoryBots and the space travelers of the historic Inspiration4 mission as they search for answers to kids' questions about space.
Categories: Children & Family Movies"
movie_a4081ce158d19c475b1af4a8059a60eb,King of Boys,Movie,"When a powerful businesswoman’s political ambitions are threatened by her underworld connections, the ensuing power struggle could cost her everything.","Dramas, International Movies",netflix,s74,"Title: King of Boys (Movie)
Description: When a powerful businesswoman’s political ambitions are threatened by her underworld connections, the ensuing power struggle could cost her everything.
Categories: Dramas, International Movies"
movie_7e3fb28cb105a5a2a0040a450d034e3e,You vs. Wild: Out Cold,Movie,"After a plane crash leaves Bear with amnesia, he must make choices to save the missing pilot and survive in this high-stakes interactive adventure.",Children & Family Movies,netflix,s76,"Title: You vs. Wild: Out Cold (Movie)
Description: After a plane crash leaves Bear with amnesia, he must make choices to save the missing pilot and survive in this high-stakes interactive adventure.
Categories: Children & Family Movies"
movie_7178b2b6995770f96d3683b7f898c814,Little Singham - Black Shadow,Movie,Kid cop Little Singham loses all his superpowers while trying to stop the demon Kaal’s new evil plans! Can his inner strength help him defeat the enemy?,"Children & Family Movies, Comedies",netflix,s78,"Title: Little Singham - Black Shadow (Movie)
Description: Kid cop Little Singham loses all his superpowers while trying to stop the demon Kaal’s new evil plans! Can his inner strength help him defeat the enemy?
Categories: Children & Family Movies, Comedies"
movie_28803c8bae490c2cc7e58cff646b0c7d,Tughlaq Durbar,Movie,A budding politician has devious plans to rise in the ranks — until an unexpected new presence begins to interfere with his every crooked move.,"Comedies, Dramas, International Movies",netflix,s79,"Title: Tughlaq Durbar (Movie)
Description: A budding politician has devious plans to rise in the ranks — until an unexpected new presence begins to interfere with his every crooked move.
Categories: Comedies, Dramas, International Movies"
movie_89944ad75a3140e7af9c61a2229b9dff,Tughlaq Durbar (Telugu),Movie,A budding politician has devious plans to rise in the ranks — until an unexpected new presence begins to interfere with his every crooked move.,"Comedies, Dramas, International Movies",netflix,s80,"Title: Tughlaq Durbar (Telugu) (Movie)
Description: A budding politician has devious plans to rise in the ranks — until an unexpected new presence begins to interfere with his every crooked move.
Categories: Comedies, Dramas, International Movies"
movie_e583a6daa214e7cc62f27f4064e8fa58,Firedrake the Silver Dragon,Movie,"When his home is threatened by humans, a young dragon summons the courage to seek a mythical paradise where dragons can live in peace and fly free.",Children & Family Movies,netflix,s81,"Title: Firedrake the Silver Dragon (Movie)
Description: When his home is threatened by humans, a young dragon summons the courage to seek a mythical paradise where dragons can live in peace and fly free.
Categories: Children & Family Movies"
movie_c5d2c0f60141d855337af183527c6d54,Kate,Movie,"Slipped a fatal poison on her final job, a ruthless assassin working in Tokyo has less than 24 hours to find out who ordered the hit and exact revenge.",Action & Adventure,netflix,s82,"Title: Kate (Movie)
Description: Slipped a fatal poison on her final job, a ruthless assassin working in Tokyo has less than 24 hours to find out who ordered the hit and exact revenge.
Categories: Action & Adventure"
movie_27474445c03d3fe19c6136dea456500a,Omo Ghetto: the Saga,Movie,"Twins are reunited as a good-hearted female gangster and her uptight rich sister take on family, crime, cops and all of the trouble that follows them.","Action & Adventure, Comedies, Dramas",netflix,s85,"Title: Omo Ghetto: the Saga (Movie)
Description: Twins are reunited as a good-hearted female gangster and her uptight rich sister take on family, crime, cops and all of the trouble that follows them.
Categories: Action & Adventure, Comedies, Dramas"
movie_e115b184d3402676c4d9e8f3604da326,Prey,Movie,A hiking trip into the wild turns into a desperate bid for survival for five friends on the run from a mysterious shooter.,"International Movies, Thrillers",netflix,s87,"Title: Prey (Movie)
Description: A hiking trip into the wild turns into a desperate bid for survival for five friends on the run from a mysterious shooter.
Categories: International Movies, Thrillers"
movie_ede3d1e5291f6165b43c22c23c066906,Blood Brothers: Malcolm X & Muhammad Ali,Movie,"From a chance meeting to a tragic fallout, Malcolm X and Muhammad Ali's extraordinary bond cracks under the weight of distrust and shifting ideals.","Documentaries, Sports Movies",netflix,s89,"Title: Blood Brothers: Malcolm X & Muhammad Ali (Movie)
Description: From a chance meeting to a tragic fallout, Malcolm X and Muhammad Ali's extraordinary bond cracks under the weight of distrust and shifting ideals.
Categories: Documentaries, Sports Movies"
movie_5192ca7a6ec6efff0c2f3dc677d257d6,Paradise Hills,Movie,"Uma wakes up in a lush tropical facility designed to turn willful girls into perfect ladies. That’s bad enough, but its real purpose is even worse.","Sci-Fi & Fantasy, Thrillers",netflix,s91,"Title: Paradise Hills (Movie)
Description: Uma wakes up in a lush tropical facility designed to turn willful girls into perfect ladies. That’s bad enough, but its real purpose is even worse.
Categories: Sci-Fi & Fantasy, Thrillers"
movie_0e9bdff649b8348fb10e738f9f7b998a,The Women and the Murderer,Movie,This documentary traces the capture of serial killer Guy Georges through the tireless work of two women: a police chief and a victim's mother.,"Documentaries, International Movies",netflix,s92,"Title: The Women and the Murderer (Movie)
Description: This documentary traces the capture of serial killer Guy Georges through the tireless work of two women: a police chief and a victim's mother.
Categories: Documentaries, International Movies"
movie_0aef7f0b71aec002c605a47c25a78c13,JJ+E,Movie,"Elisabeth and John-John live in the same city, but they inhabit different worlds. Can a passionate first love break through class and cultural barriers?","Dramas, International Movies, Romantic Movies",netflix,s94,"Title: JJ+E (Movie)
Description: Elisabeth and John-John live in the same city, but they inhabit different worlds. Can a passionate first love break through class and cultural barriers?
Categories: Dramas, International Movies, Romantic Movies"
movie_8bd6e2933decb56fdf69a7549893eb55,Show Dogs,Movie,A rough and tough police dog must go undercover with an FBI agent as a prim and proper pet at a dog show to save a baby panda from an illegal sale.,"Children & Family Movies, Comedies",netflix,s95,"Title: Show Dogs (Movie)
Description: A rough and tough police dog must go undercover with an FBI agent as a prim and proper pet at a dog show to save a baby panda from an illegal sale.
Categories: Children & Family Movies, Comedies"
movie_b12ceed92f828a0cede64570b99bc738,If I Leave Here Tomorrow: A Film About Lynyrd Skynyrd,Movie,"Using interviews and archival footage, this documentary charts the story of the legendary Southern rockers with a focus on front man Ronnie Van Zant.","Documentaries, Music & Musicals",netflix,s97,"Title: If I Leave Here Tomorrow: A Film About Lynyrd Skynyrd (Movie)
Description: Using interviews and archival footage, this documentary charts the story of the legendary Southern rockers with a focus on front man Ronnie Van Zant.
Categories: Documentaries, Music & Musicals"
movie_a57e27421eea464da93c2f2fc1e8c6b6,Untold: Breaking Point,Movie,"Under pressure to continue a winning tradition in American tennis, Mardy Fish faced mental health challenges that changed his life on and off the court.","Documentaries, Sports Movies",netflix,s102,"Title: Untold: Breaking Point (Movie)
Description: Under pressure to continue a winning tradition in American tennis, Mardy Fish faced mental health challenges that changed his life on and off the court.
Categories: Documentaries, Sports Movies"
movie_c2e31c5e67849b0a43f2bc5986ac652e,Shadow Parties,Movie,A family faces destruction in a long-running conflict between communities that pits relatives against each other amid attacks and reprisals.,"Dramas, International Movies, Thrillers",netflix,s104,"Title: Shadow Parties (Movie)
Description: A family faces destruction in a long-running conflict between communities that pits relatives against each other amid attacks and reprisals.
Categories: Dramas, International Movies, Thrillers"
movie_34c443138911145345ec4ee47d0202b2,Angamaly Diaries,Movie,"After growing up amidst the gang wars of his hometown, Vincent forms an entrepreneurial squad of his own and ends up on the wrong side of the law.","Action & Adventure, Comedies, Dramas",netflix,s106,"Title: Angamaly Diaries (Movie)
Description: After growing up amidst the gang wars of his hometown, Vincent forms an entrepreneurial squad of his own and ends up on the wrong side of the law.
Categories: Action & Adventure, Comedies, Dramas"
movie_a387a0257e5ddcc8903d3eb0a90b9797,A Champion Heart,Movie,"When a grieving teen must work off her debt to a ranch, she cares for a wounded horse that teaches her more about healing than she expected.","Children & Family Movies, Dramas",netflix,s108,"Title: A Champion Heart (Movie)
Description: When a grieving teen must work off her debt to a ranch, she cares for a wounded horse that teaches her more about healing than she expected.
Categories: Children & Family Movies, Dramas"
movie_9c87bbeab2850ac0b7b84b8797b886b9,Worth,Movie,"In the wake of the Sept. 11 attacks, a lawyer faces an emotional reckoning as he attempts to put a dollar value on the lives lost. Based on real events.",Dramas,netflix,s113,"Title: Worth (Movie)
Description: In the wake of the Sept. 11 attacks, a lawyer faces an emotional reckoning as he attempts to put a dollar value on the lives lost. Based on real events.
Categories: Dramas"
movie_e5edfa7cf45db158b481067ae294affb,Afterlife of the Party,Movie,Cassie lives to party... until she dies in a freak accident. Now this social butterfly needs to right her wrongs on Earth if she wants to earn her wings.,"Comedies, Romantic Movies",netflix,s114,"Title: Afterlife of the Party (Movie)
Description: Cassie lives to party... until she dies in a freak accident. Now this social butterfly needs to right her wrongs on Earth if she wants to earn her wings.
Categories: Comedies, Romantic Movies"
movie_73d410bbe161382c7fc9535c36bd9390,Anjaam,Movie,"A wealthy industrialist’s dangerous obsession with a flight attendant destroys her world, until she takes matters into her own hands to exact revenge.","Dramas, International Movies, Thrillers",netflix,s115,"Title: Anjaam (Movie)
Description: A wealthy industrialist’s dangerous obsession with a flight attendant destroys her world, until she takes matters into her own hands to exact revenge.
Categories: Dramas, International Movies, Thrillers"
movie_7e308de484de774122100c2eb137f971,Bright Star,Movie,This drama details the passionate three-year romance between Romantic poet John Keats – who died tragically at age 25 – and his great love and muse.,"Dramas, Romantic Movies",netflix,s116,"Title: Bright Star (Movie)
Description: This drama details the passionate three-year romance between Romantic poet John Keats – who died tragically at age 25 – and his great love and muse.
Categories: Dramas, Romantic Movies"
movie_277ee3a204c9e50f814c01ddec0f25df,Dhanak,Movie,A movie-loving 10-year-old and her blind little brother trek to meet Indian superstar Shah Rukh Khan for help in getting the boy an eye operation.,"Comedies, Dramas, Independent Movies",netflix,s117,"Title: Dhanak (Movie)
Description: A movie-loving 10-year-old and her blind little brother trek to meet Indian superstar Shah Rukh Khan for help in getting the boy an eye operation.
Categories: Comedies, Dramas, Independent Movies"
movie_62b8ed56a25153f986e4a99400100584,Final Account,Movie,This documentary stitches together never-before-seen interviews with the last living generation of people who participated in Hitler's Third Reich.,Documentaries,netflix,s118,"Title: Final Account (Movie)
Description: This documentary stitches together never-before-seen interviews with the last living generation of people who participated in Hitler's Third Reich.
Categories: Documentaries"
movie_c8ce176b7e56ec93af977d47ec137f6d,Gurgaon,Movie,"When the daughter of a wealthy family returns from college, she gets a frosty welcome from her brother, who has problems – and plans – of his own.","Dramas, International Movies, Thrillers",netflix,s119,"Title: Gurgaon (Movie)
Description: When the daughter of a wealthy family returns from college, she gets a frosty welcome from her brother, who has problems – and plans – of his own.
Categories: Dramas, International Movies, Thrillers"
movie_e8c167dc11e0d196dd263cf176d50d7f,Here and There,Movie,"After meeting through a heated exchange on social media, two people with different backgrounds begin an online romance in the midst of a pandemic.","Dramas, International Movies, Romantic Movies",netflix,s120,"Title: Here and There (Movie)
Description: After meeting through a heated exchange on social media, two people with different backgrounds begin an online romance in the midst of a pandemic.
Categories: Dramas, International Movies, Romantic Movies"
movie_c9ea664cc4efb373f6073f7c63264dfb,In the Cut,Movie,"After embarking on an affair with the cop probing the murder of a young woman, an insular schoolteacher suspects her lover was involved in the crime.",Thrillers,netflix,s123,"Title: In the Cut (Movie)
Description: After embarking on an affair with the cop probing the murder of a young woman, an insular schoolteacher suspects her lover was involved in the crime.
Categories: Thrillers"
movie_fc59801518b3705fe6bf1ef36cb3e7b4,Shikara,Movie,A couple must strive to remain resilient after regional hostilities drive them from their beloved home into a refugee camp.,"Dramas, International Movies, Romantic Movies",netflix,s127,"Title: Shikara (Movie)
Description: A couple must strive to remain resilient after regional hostilities drive them from their beloved home into a refugee camp.
Categories: Dramas, International Movies, Romantic Movies"
movie_c7e4bc4306b7a5e6ca3912db8c4d739b,A Cinderella Story,Movie,Teen Sam meets the boy of her dreams at a dance before returning to toil in her stepmother's diner. Can her lost cell phone bring them together?,"Children & Family Movies, Comedies",netflix,s128,"Title: A Cinderella Story (Movie)
Description: Teen Sam meets the boy of her dreams at a dance before returning to toil in her stepmother's diner. Can her lost cell phone bring them together?
Categories: Children & Family Movies, Comedies"
movie_f1cef6bb3af954032db95bdd824ed019,Agatha Christie's Crooked House,Movie,"When a detective investigates the death of his ex-lover's grandfather, he uncovers secrets about the tycoon's manipulative family.","Dramas, International Movies, Thrillers",netflix,s129,"Title: Agatha Christie's Crooked House (Movie)
Description: When a detective investigates the death of his ex-lover's grandfather, he uncovers secrets about the tycoon's manipulative family.
Categories: Dramas, International Movies, Thrillers"
movie_de4e9b3819ba034393c51fa41cc16985,An Unfinished Life,Movie,"A grieving widow and her daughter move in with her estranged father-in-law in Wyoming, where time allows them to heal and forgive.",Dramas,netflix,s130,"Title: An Unfinished Life (Movie)
Description: A grieving widow and her daughter move in with her estranged father-in-law in Wyoming, where time allows them to heal and forgive.
Categories: Dramas"
movie_d0083b7bfe7b79812f2c5ed32513185d,Barbie Big City Big Dreams,Movie,"At a summer performing arts program in New York City, Barbie from Malibu meets Barbie from Brooklyn, and the two become fast friends.","Children & Family Movies, Music & Musicals",netflix,s131,"Title: Barbie Big City Big Dreams (Movie)
Description: At a summer performing arts program in New York City, Barbie from Malibu meets Barbie from Brooklyn, and the two become fast friends.
Categories: Children & Family Movies, Music & Musicals"
movie_926d81e213952acddf7ab35c02a75d21,Blade Runner: The Final Cut,Movie,"In a smog-choked dystopian Los Angeles, blade runner Rick Deckard is called out of retirement to snuff a quartet of escaped ""replicants.""","Action & Adventure, Classic Movies, Cult Movies",netflix,s132,"Title: Blade Runner: The Final Cut (Movie)
Description: In a smog-choked dystopian Los Angeles, blade runner Rick Deckard is called out of retirement to snuff a quartet of escaped ""replicants.""
Categories: Action & Adventure, Classic Movies, Cult Movies"
movie_5903e8bab8855e384d5120735e16ac95,Chappie,Movie,"In a futuristic society where an indestructible robot police force keeps crime at bay, a lone droid evolves to the next level of artificial intelligence.","Action & Adventure, Sci-Fi & Fantasy",netflix,s134,"Title: Chappie (Movie)
Description: In a futuristic society where an indestructible robot police force keeps crime at bay, a lone droid evolves to the next level of artificial intelligence.
Categories: Action & Adventure, Sci-Fi & Fantasy"
movie_b5d89fd3b463b508934d5aa4db29160c,Clear and Present Danger,Movie,"When the president's friend is murdered, CIA Deputy Director Jack Ryan becomes unwittingly involved in an illegal war against a Colombian drug cartel.","Action & Adventure, Dramas",netflix,s135,"Title: Clear and Present Danger (Movie)
Description: When the president's friend is murdered, CIA Deputy Director Jack Ryan becomes unwittingly involved in an illegal war against a Colombian drug cartel.
Categories: Action & Adventure, Dramas"
movie_13b5e74ed5e70d87eae8df618fb93690,Cliffhanger,Movie,"Ranger Gabe Walker and his partner are called to rescue a group of stranded climbers, only to learn the climbers are actually thieving hijackers.",Action & Adventure,netflix,s136,"Title: Cliffhanger (Movie)
Description: Ranger Gabe Walker and his partner are called to rescue a group of stranded climbers, only to learn the climbers are actually thieving hijackers.
Categories: Action & Adventure"
movie_91716d28e12879eb9559e6d3cd34f112,Cold Mountain,Movie,"This drama follows a wounded Civil War soldier making the long journey home, while his faraway love fights for survival on her deceased father's farm.","Dramas, Romantic Movies",netflix,s137,"Title: Cold Mountain (Movie)
Description: This drama follows a wounded Civil War soldier making the long journey home, while his faraway love fights for survival on her deceased father's farm.
Categories: Dramas, Romantic Movies"
movie_376cb9fd387401eab0f7e8af7680e33d,Crocodile Dundee in Los Angeles,Movie,"When Mick ""Crocodile"" Dundee and his family land in Los Angeles, they soon learn some lessons about American life in this comedy sequel.","Action & Adventure, Comedies",netflix,s138,"Title: Crocodile Dundee in Los Angeles (Movie)
Description: When Mick ""Crocodile"" Dundee and his family land in Los Angeles, they soon learn some lessons about American life in this comedy sequel.
Categories: Action & Adventure, Comedies"
movie_7d2a6584dbc9fc25202b2db7c6cf991d,Dear John,Movie,"While on summer leave, a U.S. soldier falls for a college student. But when he's forced to reenlist, their handwritten letters hold the lovers together.","Dramas, Romantic Movies",netflix,s139,"Title: Dear John (Movie)
Description: While on summer leave, a U.S. soldier falls for a college student. But when he's forced to reenlist, their handwritten letters hold the lovers together.
Categories: Dramas, Romantic Movies"
movie_4bd16470ee457535881c5a9092f36fa6,Do the Right Thing,Movie,"On a sweltering day in Brooklyn, simmering racial tensions between residents rise to the surface and ignite rage, violence and tragedy.","Classic Movies, Comedies, Dramas",netflix,s140,"Title: Do the Right Thing (Movie)
Description: On a sweltering day in Brooklyn, simmering racial tensions between residents rise to the surface and ignite rage, violence and tragedy.
Categories: Classic Movies, Comedies, Dramas"
movie_8fc65a5b7e1432921c3feb539bdec151,"El patrón, radiografía de un crimen",Movie,A lawyer defends an illiterate man whose exploitation by a cruel boss while working as a butcher in Buenos Aires led to tragedy. Based on a true case.,"Dramas, International Movies, Thrillers",netflix,s141,"Title: El patrón, radiografía de un crimen (Movie)
Description: A lawyer defends an illiterate man whose exploitation by a cruel boss while working as a butcher in Buenos Aires led to tragedy. Based on a true case.
Categories: Dramas, International Movies, Thrillers"
movie_a50a4711a05b3707fcb2b98694aae47f,Extraction,Movie,"When a retired CIA agent is kidnapped, his son, a government analyst, embarks on an unauthorized mission to find him and halt a terrorist plot.",Action & Adventure,netflix,s142,"Title: Extraction (Movie)
Description: When a retired CIA agent is kidnapped, his son, a government analyst, embarks on an unauthorized mission to find him and halt a terrorist plot.
Categories: Action & Adventure"
movie_c7cc98d27320d7588c402ada722950cf,Freedom Writers,Movie,"While her at-risk students are reading classics such as ""The Diary of Anne Frank,"" a teacher asks them to keep journals about their troubled lives.",Dramas,netflix,s143,"Title: Freedom Writers (Movie)
Description: While her at-risk students are reading classics such as ""The Diary of Anne Frank,"" a teacher asks them to keep journals about their troubled lives.
Categories: Dramas"
movie_9b9b1b4dfa0e59b464ec5642021f1260,Green Lantern,Movie,Test pilot Hal Jordan harnesses glowing new powers for good when he wears an otherworldly ring and helps an intergalactic force stop a powerful threat.,"Action & Adventure, Sci-Fi & Fantasy",netflix,s144,"Title: Green Lantern (Movie)
Description: Test pilot Hal Jordan harnesses glowing new powers for good when he wears an otherworldly ring and helps an intergalactic force stop a powerful threat.
Categories: Action & Adventure, Sci-Fi & Fantasy"
movie_00386d3cf9dc7689b1010823ee83784f,House Party,Movie,"Grounded by his strict father, Kid risks life and limb to go to his best friend Play's big bash but experiences one obstacle after another.","Comedies, Cult Movies",netflix,s145,"Title: House Party (Movie)
Description: Grounded by his strict father, Kid risks life and limb to go to his best friend Play's big bash but experiences one obstacle after another.
Categories: Comedies, Cult Movies"
movie_5199ae24aaf0d460b6c480946fe4f09f,House Party 2,Movie,"Kid goes off to college with scholarship money but when Play loses Kid's tuition funds to a shady music promoter, they devise a wild plan to raise cash.","Comedies, Cult Movies, Music & Musicals",netflix,s146,"Title: House Party 2 (Movie)
Description: Kid goes off to college with scholarship money but when Play loses Kid's tuition funds to a shady music promoter, they devise a wild plan to raise cash.
Categories: Comedies, Cult Movies, Music & Musicals"
movie_38af832291089ba15001feaf5eb622df,House Party 3,Movie,"After Kid gets engaged, Play plans to throw the biggest bachelor party ever. But every celebration for these two always comes with complications.","Comedies, Music & Musicals",netflix,s147,"Title: House Party 3 (Movie)
Description: After Kid gets engaged, Play plans to throw the biggest bachelor party ever. But every celebration for these two always comes with complications.
Categories: Comedies, Music & Musicals"
movie_0024ea9a013483c70aed4bddd328910d,I Got the Hook Up,Movie,"After getting their hands on a misdirected shipment of cell phones, two hustlers try to cash in by hawking the merchandise from the back of their van.","Action & Adventure, Comedies",netflix,s150,"Title: I Got the Hook Up (Movie)
Description: After getting their hands on a misdirected shipment of cell phones, two hustlers try to cash in by hawking the merchandise from the back of their van.
Categories: Action & Adventure, Comedies"
movie_f91a1167997753619008b4c7355f0ea8,In Too Deep,Movie,"Rookie cop Jeffrey Cole poses as a drug dealer to take down a crime lord and soon gets caught up in an underworld of bribery, intimidation and murder.",Thrillers,netflix,s151,"Title: In Too Deep (Movie)
Description: Rookie cop Jeffrey Cole poses as a drug dealer to take down a crime lord and soon gets caught up in an underworld of bribery, intimidation and murder.
Categories: Thrillers"
movie_4e3a569009aaed58b4475a7a11369ac0,Initial D,Movie,"By day, an 18-year-old delivers tofu for his father, a retired race car driver; but by night, it's the teen's turn to take the wheel.","Action & Adventure, International Movies",netflix,s152,"Title: Initial D (Movie)
Description: By day, an 18-year-old delivers tofu for his father, a retired race car driver; but by night, it's the teen's turn to take the wheel.
Categories: Action & Adventure, International Movies"
movie_a44b221aecd8c4f68c35a411c97b7f68,Janoskians: Untold and Untrue,Movie,Follow the story of three Australian brothers and their two friends who became an international sensation by posting pranks and gags on YouTube.,Comedies,netflix,s153,"Title: Janoskians: Untold and Untrue (Movie)
Description: Follow the story of three Australian brothers and their two friends who became an international sensation by posting pranks and gags on YouTube.
Categories: Comedies"
movie_7a01a9d9403e04ea61c1da476ba8b66e,Labyrinth,Movie,"In Jim Henson's fantasy, teen Sarah embarks on a life-altering quest to rescue her little brother from the clutches of a treacherous goblin.","Action & Adventure, Children & Family Movies, Cult Movies",netflix,s156,"Title: Labyrinth (Movie)
Description: In Jim Henson's fantasy, teen Sarah embarks on a life-altering quest to rescue her little brother from the clutches of a treacherous goblin.
Categories: Action & Adventure, Children & Family Movies, Cult Movies"
movie_a42c8faab957cf77b1967116aad4bd6f,Letters to Juliet,Movie,"By responding to a letter addressed to Shakespeare's tragic heroine Juliet Capulet, an American woman in Verona, Italy, is led in search of romance.","Comedies, Dramas, Romantic Movies",netflix,s157,"Title: Letters to Juliet (Movie)
Description: By responding to a letter addressed to Shakespeare's tragic heroine Juliet Capulet, an American woman in Verona, Italy, is led in search of romance.
Categories: Comedies, Dramas, Romantic Movies"
movie_e45ff61fa9273beb86f86af304e264f5,Level 16,Movie,"In a bleak academy that teaches girls the virtues of passivity, two students uncover the ghastly purpose behind their training and resolve to escape.","Sci-Fi & Fantasy, Thrillers",netflix,s158,"Title: Level 16 (Movie)
Description: In a bleak academy that teaches girls the virtues of passivity, two students uncover the ghastly purpose behind their training and resolve to escape.
Categories: Sci-Fi & Fantasy, Thrillers"
movie_f47a564749c76ef03023c9052ecb596e,Love Don't Cost a Thing,Movie,A nerdy teen tries to make himself cool by association when he convinces a popular cheerleader to pose as his girlfriend.,"Comedies, Romantic Movies",netflix,s159,"Title: Love Don't Cost a Thing (Movie)
Description: A nerdy teen tries to make himself cool by association when he convinces a popular cheerleader to pose as his girlfriend.
Categories: Comedies, Romantic Movies"
movie_e273b6923c02e2171a27136ee6cf3227,Love in a Puff,Movie,"When the Hong Kong government enacts a ban on smoking cigarettes indoors, the new law drives hard-core smokers outside, facilitating unlikely connections.","Comedies, Dramas, International Movies",netflix,s160,"Title: Love in a Puff (Movie)
Description: When the Hong Kong government enacts a ban on smoking cigarettes indoors, the new law drives hard-core smokers outside, facilitating unlikely connections.
Categories: Comedies, Dramas, International Movies"
movie_28cfc84338dcce7eed42bd82b1cffa2e,Mars Attacks!,Movie,"As flying saucers head for Earth, the president of the United States prepares to welcome alien visitors but soon learns they're not coming in peace.","Comedies, Cult Movies, Sci-Fi & Fantasy",netflix,s162,"Title: Mars Attacks! (Movie)
Description: As flying saucers head for Earth, the president of the United States prepares to welcome alien visitors but soon learns they're not coming in peace.
Categories: Comedies, Cult Movies, Sci-Fi & Fantasy"
movie_c5d6a189f1e312646c6997e0a69843fa,Marshall,Movie,"This biopic of Thurgood Marshall, the first Black U.S. Supreme Court justice, centers on his pivotal work in a sensational case as an NAACP lawyer.",Dramas,netflix,s163,"Title: Marshall (Movie)
Description: This biopic of Thurgood Marshall, the first Black U.S. Supreme Court justice, centers on his pivotal work in a sensational case as an NAACP lawyer.
Categories: Dramas"
